/*
Navicat MySQL Data Transfer

Source Server         : HWCloud
Source Server Version : 50173
Source Host           : 223.202.124.144:3306
Source Database       : penpen

Target Server Type    : MYSQL
Target Server Version : 50173
File Encoding         : 65001

Date: 2016-04-11 00:27:20
*/

SET FOREIGN_KEY_CHECKS=0;

-- ----------------------------
-- Table structure for `12345678900`
-- ----------------------------
DROP TABLE IF EXISTS `12345678900`;
CREATE TABLE `12345678900` (
  `id` int(11) NOT NULL AUTO_INCREMENT,
  `from` bigint(20) DEFAULT NULL,
  `to` bigint(20) DEFAULT NULL,
  `time` datetime DEFAULT NULL,
  `type` tinyint(4) DEFAULT NULL,
  `content` mediumtext,
  `unread` tinyint(4) DEFAULT '1',
  PRIMARY KEY (`id`)
) ENGINE=MyISAM AUTO_INCREMENT=30 DEFAULT CHARSET=utf8;

-- ----------------------------
-- Records of 12345678900
-- ----------------------------
INSERT INTO `12345678900` VALUES ('1', '15228977313', '15669910253', '2016-03-08 12:03:02', '0', '123', '0');
INSERT INTO `12345678900` VALUES ('2', '15228977313', '15669910253', '2016-03-08 12:03:02', '0', '456', '0');
INSERT INTO `12345678900` VALUES ('3', '15228977313', '15669910253', '2016-03-24 13:55:38', '0', '×m', '0');
INSERT INTO `12345678900` VALUES ('4', '15228977313', '15669910253', '2016-03-24 14:16:55', '0', 'MTIz', '0');
INSERT INTO `12345678900` VALUES ('5', '15228977313', '15669910253', '2016-03-24 14:17:11', '0', '5aW9', '0');
INSERT INTO `12345678900` VALUES ('6', '12345678903', '12345678900', '2016-04-04 14:19:24', '0', '5aaC5LuK6Iqx5ZC56Zuq', '0');
INSERT INTO `12345678900` VALUES ('7', '12345678908', '12345678900', '2016-04-05 13:15:51', '0', '5ZWK', '0');
INSERT INTO `12345678900` VALUES ('8', '12345678908', '12345678900', '2016-04-05 13:16:05', '0', '5ZOI5ZOI', '0');
INSERT INTO `12345678900` VALUES ('9', '12345678908', '12345678900', '2016-04-05 13:17:26', '0', '5oGp', '0');
INSERT INTO `12345678900` VALUES ('10', '12345678908', '12345678900', '2016-04-05 13:20:38', '0', '5Yia5Yia57uZ', '0');
INSERT INTO `12345678900` VALUES ('11', '12345678908', '12345678900', '2016-04-05 13:26:17', '0', '5Zyo55qE', '0');
INSERT INTO `12345678900` VALUES ('12', '12345678908', '12345678900', '2016-04-05 13:28:48', '0', '5aW9', '0');
INSERT INTO `12345678900` VALUES ('13', '12345678908', '12345678900', '2016-04-05 13:29:02', '0', '5ZG15ZG1', '0');
INSERT INTO `12345678900` VALUES ('14', '12345678908', '12345678900', '2016-04-05 13:33:16', '0', '5oCO5LmI5Yqe', '0');
INSERT INTO `12345678900` VALUES ('15', '12345678908', '12345678900', '2016-04-05 13:33:45', '0', '5LiN5piv5b6I56iz5a6a', '0');
INSERT INTO `12345678900` VALUES ('16', '12345678908', '12345678900', '2016-04-05 13:34:02', '0', '5LiA5Lya5aW95LiA5Lya5Z2P', '0');
INSERT INTO `12345678900` VALUES ('17', '12345678908', '12345678900', '2016-04-05 13:35:40', '0', '5oCO5LmI5oC75piv5Y2h', '0');
INSERT INTO `12345678900` VALUES ('18', '12345678908', '12345678900', '2016-04-05 13:36:39', '0', '55m75b2V55qE6Zeu6aKY5LiA5a6a6KaB6Kej5Yaz', '0');
INSERT INTO `12345678900` VALUES ('19', '12345678909', '12345678900', '2016-04-05 14:55:21', '0', '5ZOm', '0');
INSERT INTO `12345678900` VALUES ('20', '12345678909', '12345678900', '2016-04-05 15:12:56', '0', '55yL55yL5rua5Yqo', '0');
INSERT INTO `12345678900` VALUES ('21', '12345678909', '12345678900', '2016-04-05 15:12:56', '0', 'MTIz', '0');
INSERT INTO `12345678900` VALUES ('22', '12345678909', '12345678900', '2016-04-05 15:13:13', '0', '5b6I5aW9', '0');
INSERT INTO `12345678900` VALUES ('23', '12345678908', '12345678900', '2016-04-08 20:41:18', '0', '5ZG15ZG1', '0');
INSERT INTO `12345678900` VALUES ('24', '12345678909', '12345678900', '2016-04-08 20:44:12', '0', 'MTIz', '0');
INSERT INTO `12345678900` VALUES ('25', '12345678908', '12345678900', '2016-04-08 20:45:15', '0', '5LiN5piv5oiR', '0');
INSERT INTO `12345678900` VALUES ('26', '12345678909', '12345678900', '2016-04-08 21:22:31', '0', '5aW95LqG', '0');
INSERT INTO `12345678900` VALUES ('27', '12345678908', '12345678900', '2016-04-08 21:23:12', '0', '5oiR5pivMDA4', '0');
INSERT INTO `12345678900` VALUES ('28', '12345678908', '12345678900', '2016-04-08 22:09:55', '0', '5pma5a6J', '0');
INSERT INTO `12345678900` VALUES ('29', '12345678909', '12345678900', '2016-04-08 23:36:55', '0', '6YOR5oC75aW9', '0');

-- ----------------------------
-- Table structure for `12345678901`
-- ----------------------------
DROP TABLE IF EXISTS `12345678901`;
CREATE TABLE `12345678901` (
  `id` int(11) NOT NULL AUTO_INCREMENT,
  `from` bigint(20) DEFAULT NULL,
  `to` bigint(20) DEFAULT NULL,
  `time` datetime DEFAULT NULL,
  `type` tinyint(4) DEFAULT NULL,
  `content` mediumtext,
  `unread` tinyint(4) DEFAULT '1',
  PRIMARY KEY (`id`)
) ENGINE=MyISAM AUTO_INCREMENT=18 DEFAULT CHARSET=utf8;

-- ----------------------------
-- Records of 12345678901
-- ----------------------------
INSERT INTO `12345678901` VALUES ('1', '15228977313', '15669910253', '2016-03-08 12:03:02', '0', '123', '0');
INSERT INTO `12345678901` VALUES ('2', '15228977313', '15669910253', '2016-03-08 12:03:02', '0', '456', '0');
INSERT INTO `12345678901` VALUES ('3', '15228977313', '15669910253', '2016-03-24 13:55:38', '0', '×m', '0');
INSERT INTO `12345678901` VALUES ('4', '15228977313', '15669910253', '2016-03-24 14:16:55', '0', 'MTIz', '0');
INSERT INTO `12345678901` VALUES ('5', '15228977313', '15669910253', '2016-03-24 14:17:11', '0', '5aW9', '0');
INSERT INTO `12345678901` VALUES ('6', '12345678903', '12345678901', '2016-04-04 14:18:39', '0', '5Y+R6L+H54Gr', '0');
INSERT INTO `12345678901` VALUES ('7', '12345678903', '12345678901', '2016-04-04 14:22:17', '0', '57uZ6IOh5qSS57KJ', '0');
INSERT INTO `12345678901` VALUES ('8', '12345678903', '12345678901', '2016-04-04 17:23:28', '0', 'ZmdoaGo=', '0');
INSERT INTO `12345678901` VALUES ('9', '12345678903', '12345678901', '2016-04-04 17:34:43', '0', 'Zmdq', '0');
INSERT INTO `12345678901` VALUES ('10', '12345678903', '12345678901', '2016-04-04 17:35:09', '0', 'dnVp', '0');
INSERT INTO `12345678901` VALUES ('11', '12345678903', '12345678901', '2016-04-04 17:35:24', '0', 'YyFoaiU=', '0');
INSERT INTO `12345678901` VALUES ('12', '12345678903', '12345678901', '2016-04-04 17:35:32', '0', '5bm456aP5Yia5Yiadg==', '0');
INSERT INTO `12345678901` VALUES ('13', '12345678903', '12345678901', '2016-04-04 17:36:08', '0', 'RkLlpb3lpb3lkIM=', '0');
INSERT INTO `12345678901` VALUES ('14', '12345678903', '12345678901', '2016-04-04 17:36:27', '0', '6L+Y5Zue5a626IGa6aSQ', '0');
INSERT INTO `12345678901` VALUES ('15', '12345678903', '12345678901', '2016-04-04 17:36:42', '0', '5pS+5Liq5YGH5Yia5omN', '0');
INSERT INTO `12345678901` VALUES ('16', '12345678908', '12345678901', '2016-04-05 10:12:27', '0', '5Lmm6K6w', '0');
INSERT INTO `12345678901` VALUES ('17', '12345678908', '12345678901', '2016-04-05 10:14:27', '0', '5Zyo5ZCX', '0');

-- ----------------------------
-- Table structure for `12345678902`
-- ----------------------------
DROP TABLE IF EXISTS `12345678902`;
CREATE TABLE `12345678902` (
  `id` int(11) NOT NULL AUTO_INCREMENT,
  `from` bigint(20) DEFAULT NULL,
  `to` bigint(20) DEFAULT NULL,
  `time` datetime DEFAULT NULL,
  `type` tinyint(4) DEFAULT NULL,
  `content` mediumtext,
  `unread` tinyint(4) DEFAULT '1',
  PRIMARY KEY (`id`)
) ENGINE=MyISAM AUTO_INCREMENT=10 DEFAULT CHARSET=utf8;

-- ----------------------------
-- Records of 12345678902
-- ----------------------------
INSERT INTO `12345678902` VALUES ('1', '15228977313', '15669910253', '2016-03-08 12:03:02', '0', '123', '0');
INSERT INTO `12345678902` VALUES ('2', '15228977313', '15669910253', '2016-03-08 12:03:02', '0', '456', '0');
INSERT INTO `12345678902` VALUES ('3', '15228977313', '15669910253', '2016-03-24 13:55:38', '0', '×m', '0');
INSERT INTO `12345678902` VALUES ('4', '15228977313', '15669910253', '2016-03-24 14:16:55', '0', 'MTIz', '0');
INSERT INTO `12345678902` VALUES ('5', '15228977313', '15669910253', '2016-03-24 14:17:11', '0', '5aW9', '0');
INSERT INTO `12345678902` VALUES ('6', '12345678908', '12345678902', '2016-04-05 10:28:36', '0', '5Y+R5bm/5ZGK', '0');
INSERT INTO `12345678902` VALUES ('7', '12345678908', '12345678902', '2016-04-05 10:29:23', '0', '5piv5ZWK', '0');
INSERT INTO `12345678902` VALUES ('8', '12345678908', '12345678902', '2016-04-05 10:31:27', '0', '6L+Y5pyJ5ZCX', '1');
INSERT INTO `12345678902` VALUES ('9', '12345678901', '12345678902', '2016-04-08 15:32:33', '0', '55qE55qE', '1');

-- ----------------------------
-- Table structure for `12345678903`
-- ----------------------------
DROP TABLE IF EXISTS `12345678903`;
CREATE TABLE `12345678903` (
  `id` int(11) NOT NULL AUTO_INCREMENT,
  `from` bigint(20) DEFAULT NULL,
  `to` bigint(20) DEFAULT NULL,
  `time` datetime DEFAULT NULL,
  `type` tinyint(4) DEFAULT NULL,
  `content` mediumtext,
  `unread` tinyint(4) DEFAULT '1',
  PRIMARY KEY (`id`)
) ENGINE=MyISAM AUTO_INCREMENT=8 DEFAULT CHARSET=utf8;

-- ----------------------------
-- Records of 12345678903
-- ----------------------------
INSERT INTO `12345678903` VALUES ('1', '15228977313', '15669910253', '2016-03-08 12:03:02', '0', '123', '0');
INSERT INTO `12345678903` VALUES ('2', '15228977313', '15669910253', '2016-03-08 12:03:02', '0', '456', '0');
INSERT INTO `12345678903` VALUES ('3', '15228977313', '15669910253', '2016-03-24 13:55:38', '0', '×m', '0');
INSERT INTO `12345678903` VALUES ('4', '15228977313', '15669910253', '2016-03-24 14:16:55', '0', 'MTIz', '0');
INSERT INTO `12345678903` VALUES ('5', '15228977313', '15669910253', '2016-03-24 14:17:11', '0', '5aW9', '0');
INSERT INTO `12345678903` VALUES ('6', '12345678901', '12345678903', '2016-04-04 14:18:47', '0', 'aGh4c2Y=', '0');
INSERT INTO `12345678903` VALUES ('7', '12345678901', '12345678903', '2016-04-04 14:21:42', '0', 'Z2hqdg==', '0');

-- ----------------------------
-- Table structure for `12345678904`
-- ----------------------------
DROP TABLE IF EXISTS `12345678904`;
CREATE TABLE `12345678904` (
  `id` int(11) NOT NULL AUTO_INCREMENT,
  `from` bigint(20) DEFAULT NULL,
  `to` bigint(20) DEFAULT NULL,
  `time` datetime DEFAULT NULL,
  `type` tinyint(4) DEFAULT NULL,
  `content` mediumtext,
  `unread` tinyint(4) DEFAULT '1',
  PRIMARY KEY (`id`)
) ENGINE=MyISAM AUTO_INCREMENT=7 DEFAULT CHARSET=utf8;

-- ----------------------------
-- Records of 12345678904
-- ----------------------------
INSERT INTO `12345678904` VALUES ('1', '15228977313', '15669910253', '2016-03-08 12:03:02', '0', '123', '0');
INSERT INTO `12345678904` VALUES ('2', '15228977313', '15669910253', '2016-03-08 12:03:02', '0', '456', '0');
INSERT INTO `12345678904` VALUES ('3', '15228977313', '15669910253', '2016-03-24 13:55:38', '0', '×m', '0');
INSERT INTO `12345678904` VALUES ('4', '15228977313', '15669910253', '2016-03-24 14:16:55', '0', 'MTIz', '0');
INSERT INTO `12345678904` VALUES ('5', '15228977313', '15669910253', '2016-03-24 14:17:11', '0', '5aW9', '0');
INSERT INTO `12345678904` VALUES ('6', '12345678908', '12345678904', '2016-04-05 10:09:19', '0', '5Lic6I6e6ZO26KGM', '1');

-- ----------------------------
-- Table structure for `12345678905`
-- ----------------------------
DROP TABLE IF EXISTS `12345678905`;
CREATE TABLE `12345678905` (
  `id` int(11) NOT NULL AUTO_INCREMENT,
  `from` bigint(20) DEFAULT NULL,
  `to` bigint(20) DEFAULT NULL,
  `time` datetime DEFAULT NULL,
  `type` tinyint(4) DEFAULT NULL,
  `content` mediumtext,
  `unread` tinyint(4) DEFAULT '1',
  PRIMARY KEY (`id`)
) ENGINE=MyISAM AUTO_INCREMENT=6 DEFAULT CHARSET=utf8;

-- ----------------------------
-- Records of 12345678905
-- ----------------------------
INSERT INTO `12345678905` VALUES ('1', '12345678901', '15669910253', '2016-03-08 12:03:02', '0', 'MTIz', '1');
INSERT INTO `12345678905` VALUES ('2', '12345678902', '15669910253', '2016-03-08 12:03:02', '0', 'MTIz', '1');
INSERT INTO `12345678905` VALUES ('3', '12345678903', '15669910253', '2016-03-24 13:55:38', '0', '5aW9', '1');
INSERT INTO `12345678905` VALUES ('4', '12345678901', '15669910253', '2016-03-24 14:16:55', '0', 'MTIz', '1');
INSERT INTO `12345678905` VALUES ('5', '12345678901', '15669910253', '2016-03-24 14:17:11', '0', '5aW9', '1');

-- ----------------------------
-- Table structure for `12345678906`
-- ----------------------------
DROP TABLE IF EXISTS `12345678906`;
CREATE TABLE `12345678906` (
  `id` int(11) NOT NULL AUTO_INCREMENT,
  `from` bigint(20) DEFAULT NULL,
  `to` bigint(20) DEFAULT NULL,
  `time` datetime DEFAULT NULL,
  `type` tinyint(4) DEFAULT NULL,
  `content` mediumtext,
  `unread` tinyint(4) DEFAULT '1',
  PRIMARY KEY (`id`)
) ENGINE=MyISAM AUTO_INCREMENT=7 DEFAULT CHARSET=utf8;

-- ----------------------------
-- Records of 12345678906
-- ----------------------------
INSERT INTO `12345678906` VALUES ('1', '15228977313', '15669910253', '2016-03-08 12:03:02', '0', '123', '0');
INSERT INTO `12345678906` VALUES ('2', '15228977313', '15669910253', '2016-03-08 12:03:02', '0', '456', '0');
INSERT INTO `12345678906` VALUES ('3', '15228977313', '15669910253', '2016-03-24 13:55:38', '0', '×m', '0');
INSERT INTO `12345678906` VALUES ('4', '15228977313', '15669910253', '2016-03-24 14:16:55', '0', 'MTIz', '0');
INSERT INTO `12345678906` VALUES ('5', '15228977313', '15669910253', '2016-03-24 14:17:11', '0', '5aW9', '0');
INSERT INTO `12345678906` VALUES ('6', '12345678902', '12345678906', '2016-04-04 16:34:43', '0', '5Zeo', '0');

-- ----------------------------
-- Table structure for `12345678907`
-- ----------------------------
DROP TABLE IF EXISTS `12345678907`;
CREATE TABLE `12345678907` (
  `id` int(11) NOT NULL AUTO_INCREMENT,
  `from` bigint(20) DEFAULT NULL,
  `to` bigint(20) DEFAULT NULL,
  `time` datetime DEFAULT NULL,
  `type` tinyint(4) DEFAULT NULL,
  `content` mediumtext,
  `unread` tinyint(4) DEFAULT '1',
  PRIMARY KEY (`id`)
) ENGINE=MyISAM AUTO_INCREMENT=6 DEFAULT CHARSET=utf8;

-- ----------------------------
-- Records of 12345678907
-- ----------------------------
INSERT INTO `12345678907` VALUES ('1', '15228977313', '15669910253', '2016-03-08 12:03:02', '0', '123', '0');
INSERT INTO `12345678907` VALUES ('2', '15228977313', '15669910253', '2016-03-08 12:03:02', '0', '456', '0');
INSERT INTO `12345678907` VALUES ('3', '15228977313', '15669910253', '2016-03-24 13:55:38', '0', '×m', '0');
INSERT INTO `12345678907` VALUES ('4', '15228977313', '15669910253', '2016-03-24 14:16:55', '0', 'MTIz', '0');
INSERT INTO `12345678907` VALUES ('5', '15228977313', '15669910253', '2016-03-24 14:17:11', '0', '5aW9', '0');

-- ----------------------------
-- Table structure for `12345678908`
-- ----------------------------
DROP TABLE IF EXISTS `12345678908`;
CREATE TABLE `12345678908` (
  `id` int(11) NOT NULL AUTO_INCREMENT,
  `from` bigint(20) DEFAULT NULL,
  `to` bigint(20) DEFAULT NULL,
  `time` datetime DEFAULT NULL,
  `type` tinyint(4) DEFAULT NULL,
  `content` mediumtext,
  `unread` tinyint(4) DEFAULT '1',
  PRIMARY KEY (`id`)
) ENGINE=MyISAM AUTO_INCREMENT=39 DEFAULT CHARSET=utf8;

-- ----------------------------
-- Records of 12345678908
-- ----------------------------
INSERT INTO `12345678908` VALUES ('1', '15228977313', '15669910253', '2016-03-08 12:03:02', '0', '123', '0');
INSERT INTO `12345678908` VALUES ('2', '15228977313', '15669910253', '2016-03-08 12:03:02', '0', '456', '0');
INSERT INTO `12345678908` VALUES ('3', '15228977313', '15669910253', '2016-03-24 13:55:38', '0', '×m', '0');
INSERT INTO `12345678908` VALUES ('4', '15228977313', '15669910253', '2016-03-24 14:16:55', '0', 'MTIz', '0');
INSERT INTO `12345678908` VALUES ('5', '15228977313', '15669910253', '2016-03-24 14:17:11', '0', '5aW9', '0');
INSERT INTO `12345678908` VALUES ('6', '12345678901', '12345678908', '2016-04-05 10:08:53', '0', 'MTM0NQ==', '0');
INSERT INTO `12345678908` VALUES ('7', '12345678901', '12345678908', '2016-04-05 10:10:00', '0', 'UlTopoHlpb3lpb0=', '0');
INSERT INTO `12345678908` VALUES ('8', '12345678901', '12345678908', '2016-04-05 10:10:05', '0', '6I2j6KqJdQ==', '0');
INSERT INTO `12345678908` VALUES ('9', '12345678902', '12345678908', '2016-04-05 10:11:03', '0', 'U3LkvZPogrI=', '0');
INSERT INTO `12345678908` VALUES ('10', '12345678902', '12345678908', '2016-04-05 10:15:35', '0', 'MjA1NzAxOQ==', '0');
INSERT INTO `12345678908` VALUES ('11', '12345678902', '12345678908', '2016-04-05 10:17:04', '0', '5Zeo', '0');
INSERT INTO `12345678908` VALUES ('12', '12345678902', '12345678908', '2016-04-05 10:17:51', '0', '5aW9', '0');
INSERT INTO `12345678908` VALUES ('13', '12345678902', '12345678908', '2016-04-05 10:18:12', '0', '5LiN5o6o6YCB5oCO5LmI', '0');
INSERT INTO `12345678908` VALUES ('14', '12345678902', '12345678908', '2016-04-05 10:19:33', '0', '6K+V6K+V', '0');
INSERT INTO `12345678908` VALUES ('15', '12345678902', '12345678908', '2016-04-05 10:28:28', '0', '5Zeo', '0');
INSERT INTO `12345678908` VALUES ('16', '12345678902', '12345678908', '2016-04-05 10:28:53', '0', '5Y+v5Lul5o6o6YCB5LqG', '0');
INSERT INTO `12345678908` VALUES ('17', '12345678902', '12345678908', '2016-04-05 10:29:34', '0', '5oGp5ZGi', '0');
INSERT INTO `12345678908` VALUES ('18', '12345678909', '12345678908', '2016-04-05 11:47:58', '0', '5piv5ZCm5a2k', '0');
INSERT INTO `12345678908` VALUES ('19', '12345678909', '12345678908', '2016-04-05 11:48:21', '0', '55S16aWt6ZSF', '0');
INSERT INTO `12345678908` VALUES ('20', '12345678909', '12345678908', '2016-04-05 11:55:46', '0', '5ZO85ZO85ZSn5ZSn', '0');
INSERT INTO `12345678908` VALUES ('21', '12345678909', '12345678908', '2016-04-05 12:00:52', '0', '55qE5bmy5rS7', '0');
INSERT INTO `12345678908` VALUES ('22', '12345678909', '12345678908', '2016-04-05 12:20:16', '0', '5aW9', '0');
INSERT INTO `12345678908` VALUES ('23', '12345678909', '12345678908', '2016-04-05 12:20:43', '0', '5oiR5Y+q6IO9', '0');
INSERT INTO `12345678908` VALUES ('24', '12345678909', '12345678908', '2016-04-05 12:22:28', '0', '5oiR', '0');
INSERT INTO `12345678908` VALUES ('25', '12345678900', '12345678908', '2016-04-05 13:17:21', '0', '5pu05aW9', '0');
INSERT INTO `12345678908` VALUES ('26', '12345678900', '12345678908', '2016-04-05 13:18:49', '0', '5oGp', '0');
INSERT INTO `12345678908` VALUES ('27', '12345678900', '12345678908', '2016-04-05 13:19:10', '0', '5a+55pa55pu05aW9', '0');
INSERT INTO `12345678908` VALUES ('28', '12345678900', '12345678908', '2016-04-05 13:25:33', '0', '5Yia5Yia', '0');
INSERT INTO `12345678908` VALUES ('29', '12345678900', '12345678908', '2016-04-05 13:25:51', '0', '5L2g6L+Y5Zyo5ZCX', '0');
INSERT INTO `12345678908` VALUES ('30', '12345678900', '12345678908', '2016-04-05 13:31:38', '0', '5oGp', '0');
INSERT INTO `12345678908` VALUES ('31', '12345678900', '12345678908', '2016-04-05 13:32:46', '0', '5b6I5Lil6YeN55qEQiBVIEfllYo=', '0');
INSERT INTO `12345678908` VALUES ('32', '12345678900', '12345678908', '2016-04-05 13:33:34', '0', '5LiN55+l6YGT', '0');
INSERT INTO `12345678908` VALUES ('33', '12345678900', '12345678908', '2016-04-05 13:35:09', '0', '5rKh5rOV546p5LqG77yM77yM77yM', '0');
INSERT INTO `12345678908` VALUES ('34', '12345678900', '12345678908', '2016-04-05 13:35:09', '0', '5ZOO', '0');
INSERT INTO `12345678908` VALUES ('35', '12345678900', '12345678908', '2016-04-05 13:35:29', '0', '5oGp', '0');
INSERT INTO `12345678908` VALUES ('36', '12345678900', '12345678908', '2016-04-05 13:35:55', '0', '5LiN55+l6YGT', '0');
INSERT INTO `12345678908` VALUES ('37', '12345678909', '12345678908', '2016-04-06 21:38:32', '0', '5Zyo5ZCX', '0');
INSERT INTO `12345678908` VALUES ('38', '12345678901', '12345678908', '2016-04-08 15:31:34', '0', '5aW95aW95bmy', '0');

-- ----------------------------
-- Table structure for `12345678909`
-- ----------------------------
DROP TABLE IF EXISTS `12345678909`;
CREATE TABLE `12345678909` (
  `id` int(11) NOT NULL AUTO_INCREMENT,
  `from` bigint(20) DEFAULT NULL,
  `to` bigint(20) DEFAULT NULL,
  `time` datetime DEFAULT NULL,
  `type` tinyint(4) DEFAULT NULL,
  `content` mediumtext,
  `unread` tinyint(4) DEFAULT '1',
  PRIMARY KEY (`id`)
) ENGINE=MyISAM AUTO_INCREMENT=35 DEFAULT CHARSET=utf8;

-- ----------------------------
-- Records of 12345678909
-- ----------------------------
INSERT INTO `12345678909` VALUES ('1', '15228977313', '15669910253', '2016-03-08 12:03:02', '0', '123', '0');
INSERT INTO `12345678909` VALUES ('2', '15228977313', '15669910253', '2016-03-08 12:03:02', '0', '456', '0');
INSERT INTO `12345678909` VALUES ('3', '15228977313', '15669910253', '2016-03-24 13:55:38', '0', '×m', '0');
INSERT INTO `12345678909` VALUES ('4', '15228977313', '15669910253', '2016-03-24 14:16:55', '0', 'MTIz', '0');
INSERT INTO `12345678909` VALUES ('5', '15228977313', '15669910253', '2016-03-24 14:17:11', '0', '5aW9', '0');
INSERT INTO `12345678909` VALUES ('6', '12345678908', '12345678909', '2016-04-05 11:53:22', '0', '5ZOI5ZOI', '0');
INSERT INTO `12345678909` VALUES ('7', '12345678908', '12345678909', '2016-04-05 11:55:22', '0', '5LiL5Y2I', '0');
INSERT INTO `12345678909` VALUES ('8', '12345678908', '12345678909', '2016-04-05 11:55:33', '0', 'Pz8/', '0');
INSERT INTO `12345678909` VALUES ('9', '12345678908', '12345678909', '2016-04-05 11:56:54', '0', '5aW955qE', '0');
INSERT INTO `12345678909` VALUES ('10', '12345678908', '12345678909', '2016-04-05 11:59:55', '0', '55qE6KeE5YiS5bGA', '0');
INSERT INTO `12345678909` VALUES ('11', '12345678908', '12345678909', '2016-04-05 12:05:25', '0', '5ZWKQUE=', '0');
INSERT INTO `12345678909` VALUES ('12', '12345678908', '12345678909', '2016-04-05 12:05:26', '0', '5L2O5Yqf6ICX', '0');
INSERT INTO `12345678909` VALUES ('13', '12345678908', '12345678909', '2016-04-05 12:05:26', '0', '55qE5aSN5Y+k', '0');
INSERT INTO `12345678909` VALUES ('14', '12345678908', '12345678909', '2016-04-05 12:10:57', '0', 'MTIzNDU2', '0');
INSERT INTO `12345678909` VALUES ('15', '12345678908', '12345678909', '2016-04-05 12:17:24', '0', '5Lic6aOO6Zuo', '0');
INSERT INTO `12345678909` VALUES ('16', '12345678908', '12345678909', '2016-04-05 12:19:09', '0', '6ICM5bey', '0');
INSERT INTO `12345678909` VALUES ('17', '12345678908', '12345678909', '2016-04-05 12:20:26', '0', '6L+e57ut5o6o6YCB5ZCX', '0');
INSERT INTO `12345678909` VALUES ('18', '12345678908', '12345678909', '2016-04-05 12:20:33', '0', '5piv5ZWK', '0');
INSERT INTO `12345678909` VALUES ('19', '12345678908', '12345678909', '2016-04-05 12:22:14', '0', '5L2g', '0');
INSERT INTO `12345678909` VALUES ('20', '12345678900', '12345678909', '2016-04-05 14:31:56', '0', '5Zyo5ZCX', '0');
INSERT INTO `12345678909` VALUES ('21', '12345678900', '12345678909', '2016-04-05 14:35:48', '0', '5Zeo', '0');
INSERT INTO `12345678909` VALUES ('22', '12345678900', '12345678909', '2016-04-05 14:36:17', '0', '5Zyo5ZCX', '0');
INSERT INTO `12345678909` VALUES ('23', '12345678900', '12345678909', '2016-04-05 14:37:18', '0', '5ZWK', '0');
INSERT INTO `12345678909` VALUES ('24', '12345678900', '12345678909', '2016-04-05 14:38:23', '0', '5aa75YS/', '0');
INSERT INTO `12345678909` VALUES ('25', '12345678900', '12345678909', '2016-04-05 14:41:22', '0', '5Y+R6L+H54Gr', '0');
INSERT INTO `12345678909` VALUES ('26', '12345678900', '12345678909', '2016-04-05 14:41:36', '0', '6KaB5aW95aW9', '0');
INSERT INTO `12345678909` VALUES ('27', '12345678900', '12345678909', '2016-04-05 14:43:21', '0', '5Yia5Yia', '0');
INSERT INTO `12345678909` VALUES ('28', '12345678900', '12345678909', '2016-04-05 14:43:32', '0', '5aW955qE', '0');
INSERT INTO `12345678909` VALUES ('29', '12345678900', '12345678909', '2016-04-05 14:55:14', '0', '5bmy5q275bmy5rS7', '0');
INSERT INTO `12345678909` VALUES ('30', '12345678900', '12345678909', '2016-04-05 14:56:29', '0', '5aaC5oSP5bGF', '0');
INSERT INTO `12345678909` VALUES ('31', '12345678900', '12345678909', '2016-04-05 14:56:33', '0', '5Zyo5ZCX', '0');
INSERT INTO `12345678909` VALUES ('32', '12345678900', '12345678909', '2016-04-05 15:09:10', '0', '6K+V6K+V', '0');
INSERT INTO `12345678909` VALUES ('33', '12345678900', '12345678909', '2016-04-07 14:57:55', '0', '5L2g5aW95ZWK', '0');
INSERT INTO `12345678909` VALUES ('34', '12345678900', '12345678909', '2016-04-07 14:58:08', '0', '5LiL5Y2I5aW9', '0');

-- ----------------------------
-- Table structure for `15228977313`
-- ----------------------------
DROP TABLE IF EXISTS `15228977313`;
CREATE TABLE `15228977313` (
  `id` int(11) NOT NULL AUTO_INCREMENT,
  `from` bigint(20) DEFAULT NULL,
  `to` bigint(20) DEFAULT NULL,
  `time` datetime DEFAULT NULL,
  `type` tinyint(4) DEFAULT NULL,
  `content` mediumtext,
  `unread` tinyint(4) DEFAULT '1',
  PRIMARY KEY (`id`)
) ENGINE=MyISAM AUTO_INCREMENT=6 DEFAULT CHARSET=utf8;

-- ----------------------------
-- Records of 15228977313
-- ----------------------------
INSERT INTO `15228977313` VALUES ('1', '15228977313', '15669910253', '2016-03-08 12:03:02', '0', '123', '0');
INSERT INTO `15228977313` VALUES ('2', '15228977313', '15669910253', '2016-03-08 12:03:02', '0', '456', '0');
INSERT INTO `15228977313` VALUES ('3', '15228977313', '15669910253', '2016-03-24 13:55:38', '0', '×m', '0');
INSERT INTO `15228977313` VALUES ('4', '15228977313', '15669910253', '2016-03-24 14:16:55', '0', 'MTIz', '0');
INSERT INTO `15228977313` VALUES ('5', '15228977313', '15669910253', '2016-03-24 14:17:11', '0', '5aW9', '0');

-- ----------------------------
-- Table structure for `15669910253`
-- ----------------------------
DROP TABLE IF EXISTS `15669910253`;
CREATE TABLE `15669910253` (
  `id` int(11) NOT NULL AUTO_INCREMENT,
  `from` bigint(20) DEFAULT NULL,
  `to` bigint(20) DEFAULT NULL,
  `time` datetime DEFAULT NULL,
  `type` tinyint(4) DEFAULT NULL,
  `content` mediumtext,
  `unread` tinyint(4) DEFAULT '1',
  PRIMARY KEY (`id`)
) ENGINE=MyISAM AUTO_INCREMENT=6 DEFAULT CHARSET=utf8;

-- ----------------------------
-- Records of 15669910253
-- ----------------------------
INSERT INTO `15669910253` VALUES ('1', '15228977313', '15669910253', '2016-03-08 12:03:02', '0', '123', '0');
INSERT INTO `15669910253` VALUES ('2', '15228977313', '15669910253', '2016-03-08 12:03:02', '0', '456', '0');
INSERT INTO `15669910253` VALUES ('3', '15228977313', '15669910253', '2016-03-24 13:55:38', '0', '×m', '0');
INSERT INTO `15669910253` VALUES ('4', '15228977313', '15669910253', '2016-03-24 14:16:55', '0', 'MTIz', '0');
INSERT INTO `15669910253` VALUES ('5', '15228977313', '15669910253', '2016-03-24 14:17:11', '0', '5aW9', '0');

-- ----------------------------
-- Table structure for `broadcast`
-- ----------------------------
DROP TABLE IF EXISTS `broadcast`;
CREATE TABLE `broadcast` (
  `title` varchar(255) DEFAULT NULL,
  `type` varchar(255) DEFAULT NULL,
  `summary` varchar(255) DEFAULT NULL,
  `url` varchar(255) DEFAULT NULL
) ENGINE=MyISAM DEFAULT CHARSET=utf8;

-- ----------------------------
-- Records of broadcast
-- ----------------------------

-- ----------------------------
-- Table structure for `department`
-- ----------------------------
DROP TABLE IF EXISTS `department`;
CREATE TABLE `department` (
  `id` int(11) NOT NULL AUTO_INCREMENT,
  `name` varchar(255) DEFAULT NULL,
  PRIMARY KEY (`id`)
) ENGINE=MyISAM AUTO_INCREMENT=5 DEFAULT CHARSET=utf8;

-- ----------------------------
-- Records of department
-- ----------------------------
INSERT INTO `department` VALUES ('1', '5oC757uP55CG');
INSERT INTO `department` VALUES ('2', '5oqA5pyv6YOo');
INSERT INTO `department` VALUES ('3', '5biC5Zy66YOo');
INSERT INTO `department` VALUES ('4', '6LSi5Yqh6YOo');

-- ----------------------------
-- Table structure for `job`
-- ----------------------------
DROP TABLE IF EXISTS `job`;
CREATE TABLE `job` (
  `id` int(11) NOT NULL AUTO_INCREMENT,
  `name` varchar(255) DEFAULT NULL,
  PRIMARY KEY (`id`)
) ENGINE=MyISAM AUTO_INCREMENT=6 DEFAULT CHARSET=utf8;

-- ----------------------------
-- Records of job
-- ----------------------------
INSERT INTO `job` VALUES ('1', '5oC757uP55CG');
INSERT INTO `job` VALUES ('2', '6YOo6ZW/');
INSERT INTO `job` VALUES ('3', '6L2v5Lu25bel56iL5biI');
INSERT INTO `job` VALUES ('4', '6ZSA5ZSu57uP55CG');
INSERT INTO `job` VALUES ('5', '6LSi5Yqh5oC755uR');

-- ----------------------------
-- Table structure for `user`
-- ----------------------------
DROP TABLE IF EXISTS `user`;
CREATE TABLE `user` (
  `id` int(11) NOT NULL AUTO_INCREMENT,
  `name` varchar(255) DEFAULT NULL,
  `user` varchar(255) DEFAULT NULL,
  `password` varchar(255) DEFAULT NULL,
  `department` varchar(255) DEFAULT NULL,
  `job` varchar(255) DEFAULT NULL,
  `online` int(11) DEFAULT NULL,
  `state` tinyint(4) DEFAULT '0',
  `icon` varchar(255) DEFAULT NULL,
  `signing` mediumtext,
  `equipment` varchar(255) DEFAULT NULL,
  PRIMARY KEY (`id`)
) ENGINE=MyISAM AUTO_INCREMENT=12 DEFAULT CHARSET=utf8;

-- ----------------------------
-- Records of user
-- ----------------------------
INSERT INTO `user` VALUES ('1', 'test', '12345678900', 'e10adc3949ba59abbe56e057f20f883e', '1', '1', '113913', '0', 'go', 'SGF2ZSBhIG5pY2UgZGF5IQ', '123');
INSERT INTO `user` VALUES ('2', 'test', '12345678901', 'e10adc3949ba59abbe56e057f20f883e', '2', '2', '107159', '2', 'go', 'SGF2ZSBhIG5pY2UgZGF5IQ', '123');
INSERT INTO `user` VALUES ('3', 'test', '12345678902', 'e10adc3949ba59abbe56e057f20f883e', '2', '3', '74827', '1', 'go', 'SGF2ZSBhIG5pY2UgZGF5IQ', '123');
INSERT INTO `user` VALUES ('4', 'test', '12345678903', 'e10adc3949ba59abbe56e057f20f883e', '2', '3', '11987', '2', 'go', 'SGF2ZSBhIG5pY2UgZGF5IQ', '123');
INSERT INTO `user` VALUES ('5', 'test', '12345678904', 'e10adc3949ba59abbe56e057f20f883e', '3', '2', '49663', '0', 'go', 'SGF2ZSBhIG5pY2UgZGF5IQ', '123');
INSERT INTO `user` VALUES ('6', 'test', '12345678905', 'e10adc3949ba59abbe56e057f20f883e', '3', '4', '9268', '2', 'go', 'SGF2ZSBhIG5pY2UgZGF5IQ', '123');
INSERT INTO `user` VALUES ('7', 'test', '12345678906', 'e10adc3949ba59abbe56e057f20f883e', '3', '4', '8899', '2', 'go', 'SGF2ZSBhIG5pY2UgZGF5IQ', '123');
INSERT INTO `user` VALUES ('8', 'test', '12345678907', 'e10adc3949ba59abbe56e057f20f883e', '3', '4', '66576', '0', 'go', 'SGF2ZSBhIG5pY2UgZGF5IQ', '123');
INSERT INTO `user` VALUES ('9', 'test', '12345678908', 'e10adc3949ba59abbe56e057f20f883e', '3', '4', '123114', '2', 'go', 'SGF2ZSBhIG5pY2UgZGF5IQ', '123');
INSERT INTO `user` VALUES ('10', 'test', '12345678909', 'e10adc3949ba59abbe56e057f20f883e', '3', '4', '130055', '0', 'go', 'SGF2ZSBhIG5pY2UgZGF5IQ', '123');
INSERT INTO `user` VALUES ('11', 'test', '15228977313', 'e10adc3949ba59abbe56e057f20f883e', '4', '5', '90499', '0', 'go', 'SGF2ZSBhIG5pY2UgZGF5IQ', '123');
